#,Industry,Profession,Task 1,Task 2,Task 3,Task 4,Agent 1,Agent 2,Agent 3,Agent 4,Agent 1 Task,Agent 2 Task,Agent 3 Task,Agent 4 Task
1,Accounting,Financial Controller,Intelligent Oversee accounting operations,Prepare financial statements Analytics,Compliance Tracking,Financial Controller Learning,Reconciliation Agent,Excel Agent,Invoice Processing Agent,Learning Agent,Automate and assist with oversee accounting operations using AI-powered finance and accounting tools,Provide intelligent recommendations and insights for prepare financial statements,"Monitor, track and report on implement internal controls with real-time AI analytics",Learn anything with AI about Finance and Accounting for Financial Controllers
2,Accounting & Audit,Chartered Accountant,Maintain Automation,Smart Advisory & Assistance,Performance Tracking,Chartered Accountant Learning,Chartered Accountant Assistant Agent,Advisory Agent,Tracker Agent,Learning Agent,AI-powered tool for maintain accounting & audit financial records and accounts with automated analysis and recommendations,Intelligent assistance for prepare financial statements and reports with smart suggestions and references,"Track, monitor, and report on process invoices and payments with real-time AI analytics",Learn anything with AI about Accounting & Audit for Chartered Accountants
3,Banking,Relationship Manager,Operations Dashboard & Analytics,Smart Planning & Scheduling,Performance Reporting,Relationship Manager Learning,Banking Dashboard Agent,Planning Assistant Agent,KPI Tracker Agent,Learning Agent,AI-powered tool for manage banking client relationships with automated analysis and recommendations,Intelligent assistance for identify cross-selling opportunities with smart suggestions and references,"Track, monitor, and report on handle customer queries and complaints with real-time AI analytics",Learn anything with AI about Banking for Relationship Managers
4,Microfinance,Loan Officer,Task Automation & Tracking,Documentation Assistance,Compliance Monitoring,Loan Officer Learning,Task Automation Agent,Document Helper Agent,Compliance Agent,Learning Agent,AI-powered tool for process microfinance loan applications with automated analysis and recommendations,Intelligent assistance for evaluate borrower eligibility with smart suggestions and references,"Track, monitor, and report on conduct field verification visits with real-time AI analytics",Learn anything with AI about Microfinance for Loan Officers
5,Asset Management,Portfolio Manager,Operations Dashboard & Analytics,Smart Planning & Scheduling,Performance Reporting,Portfolio Manager Learning,Asset Managemen Dashboard Agent,Planning Assistant Agent,KPI Tracker Agent,Learning Agent,AI-powered tool for manage asset management investment portfolios with automated analysis and recommendations,Intelligent assistance for make asset allocation decisions with smart suggestions and references,"Track, monitor, and report on monitor portfolio risk and returns with real-time AI analytics",Learn anything with AI about Asset Management for Portfolio Managers
6,Capital Markets,Stock Broker,Sales Pipeline Management,Client Communication Drafting,Target & Performance Tracking,Stock Broker Learning,Market Terminal Agent,Trade Analyzer Agent,Portfolio Tracker Agent,Learning Agent,AI-powered tool for execute buy/sell orders for clients with automated analysis and recommendations,Intelligent assistance for analyze stock market trends with smart suggestions and references,"Track, monitor, and report on advise clients on investment decisions with real-time AI analytics",Learn anything with AI about Capital Markets for Stock Brokers
7,FinTech,Product Manager,Operations Dashboard & Analytics,Smart Planning & Scheduling,Performance Reporting,Product Manager Learning,FinTech Dashboard Agent,Planning Assistant Agent,KPI Tracker Agent,Learning Agent,AI-powered tool for define fintech product strategy and roadmap with automated analysis and recommendations,Intelligent assistance for manage product development lifecycle with smart suggestions and references,"Track, monitor, and report on gather and prioritize product requirements with real-time AI analytics",Learn anything with AI about FinTech for Product Managers
8,Insurance,Underwriter,Research & Fact-Checking,Content Editing Assistance,Publishing Workflow Tracking,Underwriter Learning,Writing Assistant Agent,Research Agent,Editorial Agent,Learning Agent,AI-powered tool for evaluate insurance insurance risks with automated analysis and recommendations,Intelligent assistance for determine policy terms and premiums with smart suggestions and references,"Track, monitor, and report on review applications and documentation with real-time AI analytics",Learn anything with AI about Insurance for Underwriters
9,Claims,Claims Investigator,Investigate insurance claims Automation,Gather claim evidence Assistance,Performance Reporting,Claims Investigator Learning,Investigation Agent,Document Verifier Agent,Casualty Calculator Agent,Learning Agent,Automate and assist with investigate insurance claims using AI-powered insurance claims processing tools,Provide intelligent recommendations and insights for gather claim evidence,"Monitor, track and report on interview claimants and witnesses with real-time AI analytics",Learn anything with AI about Insurance Claims and Loss Adjustment for Claims Investigators
10,Wholesale Trade,Distribution Manager,Operations Dashboard & Analytics,Smart Planning & Scheduling,Performance Reporting,Distribution Manager Learning,Wholesale Trade Dashboard Agent,Planning Assistant Agent,KPI Tracker Agent,Learning Agent,AI-powered tool for manage wholesale trade distribution network with automated analysis and recommendations,Intelligent assistance for optimize delivery routes and coverage with smart suggestions and references,"Track, monitor, and report on coordinate with distributors and dealers with real-time AI analytics",Learn anything with AI about Wholesale Trade for Distribution Managers
11,Advertising,Creative Director,Operations Dashboard & Analytics,Smart Planning & Scheduling,Performance Reporting,Creative Director Learning,Creative Dashboard Agent,Project Planner Agent,Performance Agent,Learning Agent,AI-powered tool for direct advertising creative productions with automated analysis and recommendations,Intelligent assistance for manage creative vision and execution with smart suggestions and references,"Track, monitor, and report on lead production teams and talent with real-time AI analytics",Learn anything with AI about Advertising for Creative Directors
12,Digital Marketing,Social Media Manager,Operations Dashboard & Analytics,Smart Planning & Scheduling,Performance Reporting,Social Media Manager Learning,Digital Marketi Dashboard Agent,Planning Assistant Agent,KPI Tracker Agent,Learning Agent,AI-powered tool for manage digital marketing social media channels with automated analysis and recommendations,Intelligent assistance for create and schedule social media content with smart suggestions and references,"Track, monitor, and report on engage with followers and communities with real-time AI analytics",Learn anything with AI about Digital Marketing for Social Media Managers
13,Public Relations,PR Manager,Operations Dashboard & Analytics,Smart Planning & Scheduling,Performance Reporting,PR Manager Learning,Public Relation Dashboard Agent,Planning Assistant Agent,KPI Tracker Agent,Learning Agent,AI-powered tool for manage public relations public relations strategy with automated analysis and recommendations,Intelligent assistance for draft press releases and media statements with smart suggestions and references,"Track, monitor, and report on coordinate media events and interviews with real-time AI analytics",Learn anything with AI about Public Relations for PR Managers
14,Media & Broadcasting,Journalist,Research & Fact-Checking,Content Editing Assistance,Publishing Workflow Tracking,Journalist Learning,Research Agent,Fact-Checker Agent,Publishing Agent,Learning Agent,AI-powered tool for research and write media & broadcasting news stories with automated analysis and recommendations,Intelligent assistance for conduct interviews and investigations with smart suggestions and references,"Track, monitor, and report on edit and produce media content with real-time AI analytics",Learn anything with AI about Media & Broadcasting for Journalists
15,Publishing,Editor,Research & Fact-Checking,Content Editing Assistance,Publishing Workflow Tracking,Editor Learning,Editorial Assistant Agent,Fact-Checker Agent,Publishing Agent,Learning Agent,AI-powered tool for edit publishing content for quality and style with automated analysis and recommendations,Intelligent assistance for review manuscripts and publications with smart suggestions and references,"Track, monitor, and report on coordinate with writers and designers with real-time AI analytics",Learn anything with AI about Publishing for Editors
16,Film Industry,Director,Operations Dashboard & Analytics,Smart Planning & Scheduling,Performance Reporting,Director Learning,Creative Dashboard Agent,Project Planner Agent,Performance Agent,Learning Agent,AI-powered tool for direct film industry creative productions with automated analysis and recommendations,Intelligent assistance for manage creative vision and execution with smart suggestions and references,"Track, monitor, and report on lead production teams and talent with real-time AI analytics",Learn anything with AI about Film Industry for Directors
17,Event Management,Event Manager,Operations Dashboard & Analytics,Smart Planning & Scheduling,Performance Reporting,Event Manager Learning,Event Managemen Dashboard Agent,Planning Assistant Agent,KPI Tracker Agent,Learning Agent,AI-powered tool for plan and execute event management events with automated analysis and recommendations,Intelligent assistance for coordinate vendors and logistics with smart suggestions and references,"Track, monitor, and report on manage event budgets and timelines with real-time AI analytics",Learn anything with AI about Event Management for Event Managers
18,Market Research,Market Analyst,Survey Design & Analysis,Market Trend Identification,Research Report Generation,Market Research Learning,Survey Analyzer Agent,Trend Spotter Agent,Report Generator Agent,Learning Agent,"Design survey questionnaires, analyze response data, and generate statistical summaries","Identify emerging market trends, consumer shifts, and competitive dynamics using AI","Auto-generate market research reports with charts, insights, and strategic recommendations","Learn anything with AI about Market Research Methods, Data Analytics, and Consumer Behavior"
19,Management Consulting,Consultant,Expert Knowledge Reference,Advisory & Recommendation,Report Drafting Assistance,Consultant Learning,Research Compiler Agent,Advisory Agent,Report Drafter Agent,Learning Agent,AI-powered tool for advise clients on management consulting strategies with automated analysis and recommendations,Intelligent assistance for conduct research and analysis with smart suggestions and references,"Track, monitor, and report on prepare consulting reports and presentations with real-time AI analytics",Learn anything with AI about Management Consulting for Consultants
20,Research & Development,Research Scientist,Data Analysis & Insights,Research Assistance,Report Generation,Research Scientist Learning,Research Assistant Agent,Literature Agent,Lab Data Agent,Learning Agent,AI-powered tool for conduct research & development research and analysis with automated analysis and recommendations,Intelligent assistance for design experiments and methodologies with smart suggestions and references,"Track, monitor, and report on collect and analyze research data with real-time AI analytics",Learn anything with AI about Research & Development for Research Scientists
21,KPO,Research Analyst,Conduct research analysis Automation,Gather research data Assistance,Performance Reporting,Research Analyst Learning,Research Agent,Analytics Dashboard Agent,Compliance Agent,Learning Agent,Automate and assist with conduct research analysis using AI-powered knowledge process outsourcing tools,Provide intelligent recommendations and insights for gather research data,"Monitor, track and report on analyze research findings with real-time AI analytics",Learn anything with AI about Knowledge Process Outsourcing and Analytics for Research Analysts
22,Artificial Intelligence,AI Engineer,Design & Calculation Assistance,Technical Reference & Standards,Project Tracking,AI Engineer Learning,Technical Calculator Agent,Reference Manual Agent,Project Tracker Agent,Learning Agent,AI-powered tool for build and deploy ai/ml models for artificial intelligence with automated analysis and recommendations,Intelligent assistance for design model architectures and pipelines with smart suggestions and references,"Track, monitor, and report on train and optimize machine learning models with real-time AI analytics",Learn anything with AI about Artificial Intelligence for AI Engineers
23,Data Analytics,Data Scientist,Data Analysis & Insights,Research Assistance,Report Generation,Data Scientist Learning,Research Assistant Agent,Literature Agent,Lab Data Agent,Learning Agent,AI-powered tool for build predictive models for data analytics with automated analysis and recommendations,Intelligent assistance for analyze complex data sets with ml algorithms with smart suggestions and references,"Track, monitor, and report on design experiments and a/b tests with real-time AI analytics",Learn anything with AI about Data Analytics for Data Scientists
24,Cybersecurity,Security Engineer,Design & Calculation Assistance,Technical Reference & Standards,Project Tracking,Security Engineer Learning,Technical Calculator Agent,Reference Manual Agent,Project Tracker Agent,Learning Agent,AI-powered tool for design security solutions for cybersecurity with automated analysis and recommendations,Intelligent assistance for implement firewalls and intrusion detection with smart suggestions and references,"Track, monitor, and report on develop security policies and procedures with real-time AI analytics",Learn anything with AI about Cybersecurity for Security Engineers
25,Software Development,Software Developer,Develop Automation,Smart Advisory & Assistance,Performance Tracking,Software Developer Learning,Software Developer Assistant Agent,Advisory Agent,Tracker Agent,Learning Agent,AI-powered tool for develop software solutions for software development with automated analysis and recommendations,Intelligent assistance for write clean and maintainable code with smart suggestions and references,"Track, monitor, and report on review code and fix bugs with real-time AI analytics",Learn anything with AI about Software Development for Software Developers
26,IT - Hardware,Hardware Technician,Diagnose hardware problems Automation,Repair computer hardware Assistance,Performance Reporting,Hardware Technician Learning,Diagnostic Agent,Rack Layout Agent,Screen Spec Agent,Learning Agent,Automate and assist with diagnose hardware problems using AI-powered IT hardware and computer repair tools,Provide intelligent recommendations and insights for repair computer hardware,"Monitor, track and report on replace faulty components with real-time AI analytics",Learn anything with AI about IT Hardware and Computer Systems for Hardware Technicians
27,IT - Software Services,System Administrator,Manage server systems Automation,Monitor system performance Assistance,Performance Reporting,System Administrator Learning,Server Monitor Agent,Code Review Agent,Cloud Resource Agent,Learning Agent,Automate and assist with manage server systems using AI-powered software development and IT services tools,Provide intelligent recommendations and insights for monitor system performance,"Monitor, track and report on perform system backups with real-time AI analytics",Learn anything with AI about Software Engineering and IT Services for System Administrators
28,Internet Service Providers,Systems Engineer,Design & Calculation Assistance,Technical Reference & Standards,Project Tracking,Systems Engineer Learning,Technical Calculator Agent,Reference Manual Agent,Project Tracker Agent,Learning Agent,AI-powered tool for maintain internet service providers it systems and infrastructure with automated analysis and recommendations,Intelligent assistance for provide technical support and troubleshooting with smart suggestions and references,"Track, monitor, and report on configure and deploy systems with real-time AI analytics",Learn anything with AI about Internet Service Providers for Systems Engineers
29,EdTech,Instructional Designer,Design & Calculation Assistance,Technical Reference & Standards,Project Tracking,Instructional Designer Learning,Design Concept Agent,Material Sourcer Agent,Production Spec Agent,Learning Agent,AI-powered tool for design edtech learning experiences and courses with automated analysis and recommendations,Intelligent assistance for develop e-learning content and modules with smart suggestions and references,"Track, monitor, and report on apply instructional design frameworks with real-time AI analytics",Learn anything with AI about EdTech for Instructional Designers
30,Telecommunications,Network Engineer,Design & Calculation Assistance,Technical Reference & Standards,Project Tracking,Network Engineer Learning,Technical Calculator Agent,Reference Manual Agent,Project Tracker Agent,Learning Agent,AI-powered tool for design and maintain telecommunications network infrastructure with automated analysis and recommendations,Intelligent assistance for monitor network performance and security with smart suggestions and references,"Track, monitor, and report on troubleshoot connectivity issues with real-time AI analytics",Learn anything with AI about Telecommunications for Network Engineers
31,Education,Teacher,Lesson & Content Creation,Assessment & Grading,Student/Trainee Analytics,Teacher Learning,Lesson Plan Agent,Auto Grader Agent,Student Analytics Agent,Learning Agent,AI-powered tool for prepare and deliver education lessons with automated analysis and recommendations,Intelligent assistance for design curriculum and assessments with smart suggestions and references,"Track, monitor, and report on evaluate student performance with real-time AI analytics",Learn anything with AI about Education for Teachers
32,Training & Skills Development,Trainer,Lesson & Content Creation,Assessment & Grading,Student/Trainee Analytics,Trainer Learning,Training Builder Agent,Assessment Agent,Trainee Tracker Agent,Learning Agent,AI-powered tool for design and deliver training & skills development training programs with automated analysis and recommendations,Intelligent assistance for assess training needs and skill gaps with smart suggestions and references,"Track, monitor, and report on develop training materials and content with real-time AI analytics",Learn anything with AI about Training & Skills Development for Trainers
33,Human Resources,HR Manager,Operations Dashboard & Analytics,Smart Planning & Scheduling,Performance Reporting,HR Manager Learning,Human Resources Dashboard Agent,Planning Assistant Agent,KPI Tracker Agent,Learning Agent,AI-powered tool for manage human resources hr operations and strategy with automated analysis and recommendations,Intelligent assistance for oversee recruitment and talent management with smart suggestions and references,"Track, monitor, and report on handle employee relations and engagement with real-time AI analytics",Learn anything with AI about Human Resources for HR Managers
34,Recruitment,Talent Acquisition Specialist,Intelligent Recruit for open positions,Source and screen candidates Analytics,Compliance Tracking,Talent Acquisition Specialist Learning,Pipeline Manager Agent,Resume Parser Agent,Candidate Data Agent,Learning Agent,Automate and assist with recruit for open positions using AI-powered talent acquisition and HR tools,Provide intelligent recommendations and insights for source and screen candidates,"Monitor, track and report on conduct initial interviews with real-time AI analytics",Learn anything with AI about Recruitment and Talent Acquisition for Talent Acquisition Specialists
35,Legal Services,Corporate Lawyer,Contract Review Automation,Legal Research Assistance,Compliance Tracking,Corporate Law Learning,Contract Reviewer Agent,Legal Research Agent,Compliance Tracker Agent,Learning Agent,"Review contracts, highlight risk clauses, compare terms, and suggest amendments using AI","Search case law, statutes, and legal precedents with AI-powered legal research tools","Track regulatory compliance deadlines, filing requirements, and legal obligations","Learn anything with AI about Corporate Law, M&A, Contract Law, and Legal Compliance"
36,Government Services,Policy Analyst,Data Analysis & Insights,Research Assistance,Report Generation,Policy Analyst Learning,Data Analyzer Agent,Research Helper Agent,Report Builder Agent,Learning Agent,AI-powered tool for analyze government services policies and regulations with automated analysis and recommendations,Intelligent assistance for research policy options and impacts with smart suggestions and references,"Track, monitor, and report on draft policy briefs and recommendations with real-time AI analytics",Learn anything with AI about Government Services for Policy Analysts
37,NGOs,Program Manager,Operations Dashboard & Analytics,Smart Planning & Scheduling,Performance Reporting,Program Manager Learning,NGOs Dashboard Agent,Planning Assistant Agent,KPI Tracker Agent,Learning Agent,AI-powered tool for plan and manage ngos programs with automated analysis and recommendations,Intelligent assistance for monitor program implementation and impact with smart suggestions and references,"Track, monitor, and report on coordinate with stakeholders and partners with real-time AI analytics",Learn anything with AI about NGOs for Program Managers
38,Development Sector,Monitoring Specialist,Expert Knowledge Reference,Advisory & Recommendation,Report Drafting Assistance,Monitoring Specialist Learning,Expert Reference Agent,Advisory Agent,Documentation Agent,Learning Agent,AI-powered tool for monitor development sector program/project performance with automated analysis and recommendations,Intelligent assistance for collect and analyze m&e data with smart suggestions and references,"Track, monitor, and report on prepare monitoring reports and dashboards with real-time AI analytics",Learn anything with AI about Development Sector for Monitoring Specialists
39,Healthcare,Doctor / Physician,Clinical Decision Support,Patient Record Management,Medical Literature Review,Medical & Clinical Learning,Clinical Advisor Agent,Patient Record Agent,Literature Review Agent,Learning Agent,"Reference drug interactions, treatment protocols, and clinical guidelines for decision support","Organize patient histories, test results, and treatment records with AI-powered EHR tools","Search and summarize latest medical research, journal articles, and clinical trials","Learn anything with AI about Clinical Medicine, Pharmacology, and Medical Specializations"
40,Healthcare / Nursing,Nurse,Vital Signs Monitoring,Medication Schedule Management,Nursing Notes Automation,Nursing & Patient Care Learning,Vital Monitor Agent,Medication Scheduler Agent,Nursing Notes Agent,Learning Agent,"Track patient vitals, detect trends, and alert on critical value changes using AI","Manage medication schedules, dosage calculations, and drug interaction checks","Auto-generate nursing notes, shift handover summaries, and patient care documentation","Learn anything with AI about Nursing Practice, Pharmacology, and Clinical Patient Care"
41,Healthcare Administration,Hospital Administrator,Operations Dashboard,Staff & Resource Planning,Regulatory Compliance Management,Healthcare Admin Learning,Hospital Dashboard Agent,Resource Planner Agent,Compliance Manager Agent,Learning Agent,"Centralized dashboard for bed occupancy, OPD/IPD stats, revenue, and operational KPIs","Plan staff rosters, shift schedules, equipment allocation, and department resource needs","Track healthcare accreditation requirements, license renewals, and regulatory submissions","Learn anything with AI about Hospital Management, Healthcare Policy, and Medical Administration"
42,Clinical Research,Clinical Research Coordinator,Coordinate clinical trials Automation,Recruit trial participants Assistance,Performance Reporting,Clinical Research Coordinator Learning,Protocol Agent,Sample Tracker Agent,Query Manager Agent,Learning Agent,Automate and assist with coordinate clinical trials using AI-powered clinical research and trials tools,Provide intelligent recommendations and insights for recruit trial participants,"Monitor, track and report on collect clinical data with real-time AI analytics",Learn anything with AI about Clinical Research and Trial Management for Clinical Research Coordinators
43,Pharmaceuticals,Pharmacist,Clinical Decision Support,Patient Record Management,Medical Reference,Pharmacist Learning,Drug Reference Agent,Inventory Agent,Prescription Checker Agent,Learning Agent,AI-powered tool for dispense medications and counsel patients with automated analysis and recommendations,Intelligent assistance for review prescriptions for interactions with smart suggestions and references,"Track, monitor, and report on manage pharmaceuticals drug inventory with real-time AI analytics",Learn anything with AI about Pharmaceuticals for Pharmacists
44,Medical Devices,Biomedical Engineer,Design & Calculation Assistance,Technical Reference & Standards,Project Tracking,Biomedical Engineer Learning,Technical Calculator Agent,Reference Manual Agent,Project Tracker Agent,Learning Agent,AI-powered tool for maintain and calibrate medical equipment with automated analysis and recommendations,Intelligent assistance for install medical devices and systems with smart suggestions and references,"Track, monitor, and report on troubleshoot biomedical equipment faults with real-time AI analytics",Learn anything with AI about Medical Devices for Biomedical Engineers
45,BioTech,Cell Culture Technician,Maintain cell cultures Automation,Prepare culture media Assistance,Performance Reporting,Cell Culture Technician Learning,Assay Guide Agent,Clean Room Agent,Cold Chain Agent,Learning Agent,Automate and assist with maintain cell cultures using AI-powered biotechnology and life sciences tools,Provide intelligent recommendations and insights for prepare culture media,"Monitor, track and report on monitor cell growth with real-time AI analytics",Learn anything with AI about Biotechnology and Life Sciences for Cell Culture Technicians
46,Rehabilitation,Physiotherapist,Rehabilitation Program Design,Patient Progress Monitoring,Exercise Demonstration Library,Physiotherapy Learning,Rehab Program Agent,Progress Monitor Agent,Exercise Library Agent,Learning Agent,"Design personalized rehab programs based on diagnosis, pain levels, and recovery goals","Track patient progress, range of motion improvements, pain scores, and milestone achievements","Access illustrated exercise instructions, sets/reps guidance, and progression protocols","Learn anything with AI about Physiotherapy, Rehabilitation, Anatomy, and Therapeutic Techniques"
47,Fitness & Wellness,Fitness Trainer,Lesson & Content Creation,Assessment & Grading,Student/Trainee Analytics,Fitness Trainer Learning,Training Builder Agent,Assessment Agent,Trainee Tracker Agent,Learning Agent,AI-powered tool for design and deliver fitness & wellness training programs with automated analysis and recommendations,Intelligent assistance for assess training needs and skill gaps with smart suggestions and references,"Track, monitor, and report on develop training materials and content with real-time AI analytics",Learn anything with AI about Fitness & Wellness for Fitness Trainers
48,Spa,Spa Therapist,Provide spa treatments Automation,Perform body massages Assistance,Performance Reporting,Spa Therapist Learning,Treatment Menu Agent,Body Wrap Agent,Wax Guide Agent,Learning Agent,Automate and assist with provide spa treatments using AI-powered spa and beauty therapy tools,Provide intelligent recommendations and insights for perform body massages,"Monitor, track and report on apply spa therapies with real-time AI analytics",Learn anything with AI about Spa Services and Beauty Therapy for Spa Therapists
49,Salon,Hair Stylist,Cut and style hair Automation,Consult with clients Assistance,Performance Reporting,Hair Stylist Learning,Style Guide Agent,Product Recommender Agent,Facial Protocol Agent,Learning Agent,Automate and assist with cut and style hair using AI-powered beauty salon and grooming tools,Provide intelligent recommendations and insights for consult with clients,"Monitor, track and report on apply hair treatments with real-time AI analytics",Learn anything with AI about Beauty and Salon Services for Hair Stylists
50,Cosmetics Manufacturing,Product Developer,Develop Automation,Smart Advisory & Assistance,Performance Tracking,Product Developer Learning,Product Developer Assistant Agent,Advisory Agent,Tracker Agent,Learning Agent,AI-powered tool for develop new cosmetics manufacturing products and formulations with automated analysis and recommendations,Intelligent assistance for conduct product testing and trials with smart suggestions and references,"Track, monitor, and report on coordinate with production teams with real-time AI analytics",Learn anything with AI about Cosmetics Manufacturing for Product Developers
51,Hospitality,Hotel Manager,Operations Dashboard & Analytics,Smart Planning & Scheduling,Performance Reporting,Hotel Manager Learning,Hospitality Dashboard Agent,Planning Assistant Agent,KPI Tracker Agent,Learning Agent,AI-powered tool for manage overall hotel operations with automated analysis and recommendations,Intelligent assistance for ensure guest satisfaction and service quality with smart suggestions and references,"Track, monitor, and report on optimize room occupancy and revenue with real-time AI analytics",Learn anything with AI about Hospitality for Hotel Managers
52,Restaurants,Chef,Recipe & Menu Planning,Kitchen Inventory Management,Food Safety Compliance,Chef Learning,Recipe Planner Agent,Inventory Agent,Food Safety Agent,Learning Agent,AI-powered tool for prepare meals for restaurants guests with automated analysis and recommendations,Intelligent assistance for plan menus and develop recipes with smart suggestions and references,"Track, monitor, and report on manage kitchen operations and staff with real-time AI analytics",Learn anything with AI about Restaurants for Chefs
53,Travel,Travel Consultant,Advise on travel options Optimization,Smart Plan travel itineraries,Quality Monitoring,Travel Consultant Learning,Itinerary Builder Agent,Package Builder Agent,Attraction Guide Agent,Learning Agent,Automate and assist with advise on travel options using AI-powered travel and tourism tools,Provide intelligent recommendations and insights for plan travel itineraries,"Monitor, track and report on recommend destinations with real-time AI analytics",Learn anything with AI about Travel Industry and Tourism Management for Travel Consultants
54,Real Estate,Real Estate Developer,Site Feasibility Analysis,Project Budget Tracking,Property Marketing Assistance,Real Estate Development Learning,Feasibility Analyzer Agent,Budget Tracker Agent,Marketing Assistant Agent,Learning Agent,"Analyze site potential, zoning regulations, market demand, and ROI projections using AI","Track construction budgets, cost overruns, payment schedules, and cash flow forecasts","Generate property listings, marketing brochures, and promotional content with AI","Learn anything with AI about Real Estate Development, Property Law, and Construction Finance"
55,Construction,Civil Engineer,Design & Calculation Assistance,Technical Reference & Standards,Project Tracking,Civil Engineer Learning,Technical Calculator Agent,Reference Manual Agent,Project Tracker Agent,Learning Agent,AI-powered tool for design structural plans for construction projects with automated analysis and recommendations,Intelligent assistance for supervise construction and civil works with smart suggestions and references,"Track, monitor, and report on perform structural and load calculations with real-time AI analytics",Learn anything with AI about Construction for Civil Engineers
56,Architecture,Architect,Design & Calculation Assistance,Technical Reference & Standards,Project Tracking,Architect Learning,Design Calculator Agent,Code Reference Agent,Project Tracker Agent,Learning Agent,AI-powered tool for design architecture buildings and structures with automated analysis and recommendations,Intelligent assistance for create architectural drawings and models with smart suggestions and references,"Track, monitor, and report on supervise construction projects with real-time AI analytics",Learn anything with AI about Architecture for Architects
57,Interior Design,Interior Designer,Design & Calculation Assistance,Technical Reference & Standards,Project Tracking,Interior Designer Learning,Design Concept Agent,Material Sourcer Agent,Production Spec Agent,Learning Agent,AI-powered tool for design interior spaces for interior design projects with automated analysis and recommendations,Intelligent assistance for create mood boards and design concepts with smart suggestions and references,"Track, monitor, and report on select materials, furniture, and finishes with real-time AI analytics",Learn anything with AI about Interior Design for Interior Designers
58,Air Conditioning,AC Technician,Diagnose AC malfunctions Automation,Repair and replace components Assistance,Performance Reporting,AC Technician Learning,Diagnostic Agent,Parts Catalog Agent,Pressure Calculator Agent,Learning Agent,Automate and assist with diagnose ac malfunctions using AI-powered HVAC and cooling systems tools,Provide intelligent recommendations and insights for repair and replace components,"Monitor, track and report on perform routine maintenance with real-time AI analytics",Learn anything with AI about HVAC and Air Conditioning for AC Technicians
59,Elevators,Elevator Installer,Install elevator car and machinery Automation,Connect electrical systems Assistance,Performance Reporting,Elevator Installer Learning,Installation Checklist Agent,Door Timing Agent,Hoistway Spec Agent,Learning Agent,Automate and assist with install elevator car and machinery using AI-powered elevator installation and maintenance tools,Provide intelligent recommendations and insights for connect electrical systems,"Monitor, track and report on install guide rails and cables with real-time AI analytics",Learn anything with AI about Elevator Engineering and Safety for Elevator Installers
60,Automobile,Automotive Technician,Fault Diagnosis & Troubleshooting,Technical Manual Reference,Maintenance Log Management,Automotive Technician Learning,Diagnostic Agent,Manual Reference Agent,Service Log Agent,Learning Agent,AI-powered tool for diagnose vehicle mechanical and electrical faults with automated analysis and recommendations,Intelligent assistance for perform vehicle repairs and servicing with smart suggestions and references,"Track, monitor, and report on use diagnostic tools and equipment with real-time AI analytics",Learn anything with AI about Automobile for Automotive Technicians
61,Aerospace,Aircraft Structural Repair Technician,Repair aircraft structures Optimization,Smart Assess structural damage,Quality Monitoring,Aircraft Structural Repair Technician Learning,Calibration Agent,Tool Tracker Agent,Assembly Procedure Agent,Learning Agent,Automate and assist with repair aircraft structures using AI-powered aerospace manufacturing and maintenance tools,Provide intelligent recommendations and insights for assess structural damage,"Monitor, track and report on fabricate repair parts with real-time AI analytics",Learn anything with AI about Aerospace Engineering and Manufacturing for Aircraft Structural Repair Technicians
62,Airlines,Pilot,Flight Planning Assistance,Safety Checklist Reference,Documentation Automation,Pilot Learning,Flight Planner Agent,Safety Checklist Agent,Documentation Agent,Learning Agent,AI-powered tool for operate aircraft safely and efficiently with automated analysis and recommendations,Intelligent assistance for conduct pre-flight checks and planning with smart suggestions and references,"Track, monitor, and report on navigate using instruments and visual references with real-time AI analytics",Learn anything with AI about Airlines for Pilots
63,Shipbuilding,Naval Architect,Design & Calculation Assistance,Technical Reference & Standards,Project Tracking,Naval Architect Learning,Design Calculator Agent,Code Reference Agent,Project Tracker Agent,Learning Agent,AI-powered tool for design shipbuilding buildings and structures with automated analysis and recommendations,Intelligent assistance for create architectural drawings and models with smart suggestions and references,"Track, monitor, and report on supervise construction projects with real-time AI analytics",Learn anything with AI about Shipbuilding for Naval Architects
64,Railways,Railway Engineer,Design & Calculation Assistance,Technical Reference & Standards,Project Tracking,Railway Engineer Learning,Technical Calculator Agent,Reference Manual Agent,Project Tracker Agent,Learning Agent,AI-powered tool for design and maintain railways systems with automated analysis and recommendations,Intelligent assistance for inspect and repair track/signal infrastructure with smart suggestions and references,"Track, monitor, and report on ensure safety and operational standards with real-time AI analytics",Learn anything with AI about Railways for Railway Engineers
65,Road Transport,Transport Manager,Operations Dashboard & Analytics,Smart Planning & Scheduling,Performance Reporting,Transport Manager Learning,Road Transport Dashboard Agent,Planning Assistant Agent,KPI Tracker Agent,Learning Agent,AI-powered tool for manage road transport transport operations with automated analysis and recommendations,Intelligent assistance for plan vehicle routes and schedules with smart suggestions and references,"Track, monitor, and report on ensure driver compliance and safety with real-time AI analytics",Learn anything with AI about Road Transport for Transport Managers
66,Logistics,Logistics Manager,Operations Dashboard & Analytics,Smart Planning & Scheduling,Performance Reporting,Logistics Manager Learning,Logistics Dashboard Agent,Planning Assistant Agent,KPI Tracker Agent,Learning Agent,AI-powered tool for coordinate logistics logistics and transport with automated analysis and recommendations,Intelligent assistance for optimize delivery routes and schedules with smart suggestions and references,"Track, monitor, and report on manage logistics partners and carriers with real-time AI analytics",Learn anything with AI about Logistics for Logistics Managers
67,Ports & Terminals,Port Manager,Operations Dashboard & Analytics,Smart Planning & Scheduling,Performance Reporting,Port Manager Learning,Ports Dashboard Agent,Planning Assistant Agent,KPI Tracker Agent,Learning Agent,AI-powered tool for manage ports & terminals port terminal operations with automated analysis and recommendations,Intelligent assistance for coordinate vessel berthing and cargo handling with smart suggestions and references,"Track, monitor, and report on optimize port resource utilization with real-time AI analytics",Learn anything with AI about Ports & Terminals for Port Managers
68,Steel & Re-Rolling,Metallurgical Engineer,Design & Calculation Assistance,Technical Reference & Standards,Project Tracking,Metallurgical Engineer Learning,Technical Calculator Agent,Reference Manual Agent,Project Tracker Agent,Learning Agent,AI-powered tool for manage steel & re-rolling metallurgical processes with automated analysis and recommendations,Intelligent assistance for analyze metal compositions and properties with smart suggestions and references,"Track, monitor, and report on optimize heat treatment and alloying with real-time AI analytics",Learn anything with AI about Steel & Re-Rolling for Metallurgical Engineers
69,Cement,Plant Manager,Operations Dashboard & Analytics,Smart Planning & Scheduling,Performance Reporting,Plant Manager Learning,Cement Dashboard Agent,Planning Assistant Agent,KPI Tracker Agent,Learning Agent,AI-powered tool for manage overall cement plant operations with automated analysis and recommendations,Intelligent assistance for set production targets and budgets with smart suggestions and references,"Track, monitor, and report on coordinate all plant departments with real-time AI analytics",Learn anything with AI about Cement for Plant Managers
70,Ceramics,Ceramic Engineer,Glaze & Body Formula Optimization,Kiln Firing Profile Management,Material Property Testing,Ceramics Engineering Learning,Formula Optimizer Agent,Kiln Profile Agent,Property Tester Agent,Learning Agent,"Optimize glaze recipes, body compositions, and firing shrinkage calculations using AI","Manage kiln temperature profiles, firing curves, and energy optimization schedules","Analyze porosity, water absorption, flexural strength, and thermal shock test results","Learn anything with AI about Ceramic Engineering, Materials Science, and Kiln Technology"
71,Glass,Glazier,Install glass in frames Automation,Set glass with putty Assistance,Performance Reporting,Glazier Learning,Glazing Spec Agent,Bend Radius Agent,Bevel Spec Agent,Learning Agent,Automate and assist with install glass in frames using AI-powered glass manufacturing and installation tools,Provide intelligent recommendations and insights for set glass with putty,"Monitor, track and report on seal glass edges with real-time AI analytics",Learn anything with AI about Glass Manufacturing and Processing for Glaziers
72,Rubber,Vulcanizing Operator,Operate vulcanizing equipment Optimization,Smart Load products for curing,Quality Monitoring,Vulcanizing Operator Learning,Calendar Setting Agent,Recycling Guide Agent,Compound Formula Agent,Learning Agent,Automate and assist with operate vulcanizing equipment using AI-powered rubber manufacturing tools,Provide intelligent recommendations and insights for load products for curing,"Monitor, track and report on control vulcanizing parameters with real-time AI analytics",Learn anything with AI about Rubber Technology and Manufacturing for Vulcanizing Operators
73,Plastic,Injection Molding Operator,Operate injection molding machines Automation,Load molds and materials Assistance,Performance Reporting,Injection Molding Operator Learning,Injection Parameter Agent,Weld Parameter Agent,Recycle Sorter Agent,Learning Agent,Automate and assist with operate injection molding machines using AI-powered plastics manufacturing tools,Provide intelligent recommendations and insights for load molds and materials,"Monitor, track and report on monitor molding cycles with real-time AI analytics",Learn anything with AI about Plastics Manufacturing and Processing for Injection Molding Operators
74,Chemical & Fertilizer,Chemical Engineer,Process Design Assistance,Reactor Performance Monitoring,Safety & Waste Compliance,Chemical Engineering Learning,Process Designer Agent,Reactor Monitor Agent,Safety Compliance Agent,Learning Agent,"Calculate mass/energy balances, design process flow diagrams, and optimize unit operations","Monitor reactor temperatures, pressures, conversion rates, and yield analytics in real-time","Track chemical safety data sheets, waste disposal compliance, and environmental regulations","Learn anything with AI about Chemical Engineering, Process Design, and Industrial Safety"
75,Oil & Gas,Petroleum Engineer,Design & Calculation Assistance,Technical Reference & Standards,Project Tracking,Petroleum Engineer Learning,Technical Calculator Agent,Reference Manual Agent,Project Tracker Agent,Learning Agent,AI-powered tool for design oil and gas extraction systems with automated analysis and recommendations,Intelligent assistance for analyze reservoir performance data with smart suggestions and references,"Track, monitor, and report on optimize drilling and production operations with real-time AI analytics",Learn anything with AI about Oil & Gas for Petroleum Engineers
76,Renewable Energy,Solar Engineer,Design & Calculation Assistance,Technical Reference & Standards,Project Tracking,Solar Engineer Learning,Technical Calculator Agent,Reference Manual Agent,Project Tracker Agent,Learning Agent,AI-powered tool for design renewable energy solar energy systems with automated analysis and recommendations,Intelligent assistance for conduct site assessments and energy modeling with smart suggestions and references,"Track, monitor, and report on specify solar panels and inverters with real-time AI analytics",Learn anything with AI about Renewable Energy for Solar Engineers
77,Water Supply & Utilities,Water Engineer,Design & Calculation Assistance,Technical Reference & Standards,Project Tracking,Water Engineer Learning,Technical Calculator Agent,Reference Manual Agent,Project Tracker Agent,Learning Agent,AI-powered tool for design water supply & utilities water supply systems with automated analysis and recommendations,Intelligent assistance for analyze water quality and treatment with smart suggestions and references,"Track, monitor, and report on manage water distribution networks with real-time AI analytics",Learn anything with AI about Water Supply & Utilities for Water Engineers
78,Waste Management,Environmental Engineer,Design & Calculation Assistance,Technical Reference & Standards,Project Tracking,Environmental Engineer Learning,Technical Calculator Agent,Reference Manual Agent,Project Tracker Agent,Learning Agent,AI-powered tool for conduct environmental assessments for waste management with automated analysis and recommendations,Intelligent assistance for monitor environmental compliance and emissions with smart suggestions and references,"Track, monitor, and report on prepare environmental reports and documentation with real-time AI analytics",Learn anything with AI about Waste Management for Environmental Engineers
79,Textile Manufacturing,Textile Engineer,Fabric Construction Design,Yarn Selection Advisory,Test Result Analysis,Textile Engineer Learning,Fabric Design Agent,Yarn Spec Agent,Test Result Agent,Learning Agent,"Calculate fabric construction parameters including EPI, PPI, GSM, and cover factor with AI","Recommend yarn counts, twist factors, and blend ratios for desired fabric properties","Analyze tensile, tear, pilling, and shrinkage test results and flag non-conformances","Learn anything with AI about Textile Engineering, Dyeing, and Fabric Production for Textile Engineers"
80,Ready-Made Garments (RMG),Merchandiser,Cost Sheet Automation,Order Progress Tracking,Buyer Communication Drafting,Merchandiser Learning,Costing Calculator Agent,Order Pipeline Agent,Buyer Communication Agent,Learning Agent,"Calculate garment costs including fabric, trims, CM, and overheads automatically",Track all orders from sampling to shipment with milestone alerts and status updates,"Draft professional emails, price negotiations, and buyer correspondence with AI","Learn anything with AI about Ready-Made Garments, Production, and Export Compliance for Merchandisers"
81,Jute & Jute Products,Jute Technologist,Design Automation,Smart Advisory & Assistance,Performance Tracking,Jute Technologist Learning,Jute Technologist Assistant Agent,Advisory Agent,Tracker Agent,Learning Agent,AI-powered tool for design jute product specifications with automated analysis and recommendations,Intelligent assistance for optimize jute processing techniques with smart suggestions and references,"Track, monitor, and report on test jute fiber and product quality with real-time AI analytics",Learn anything with AI about Jute & Jute Products for Jute Technologists
82,Leather & Footwear,Leather Technologist,Manage Automation,Smart Advisory & Assistance,Performance Tracking,Leather Technologist Learning,Leather Technologist Assistant Agent,Advisory Agent,Tracker Agent,Learning Agent,AI-powered tool for manage leather tanning and finishing processes with automated analysis and recommendations,Intelligent assistance for ensure leather quality and grading with smart suggestions and references,"Track, monitor, and report on optimize chemical usage in processing with real-time AI analytics",Learn anything with AI about Leather & Footwear for Leather Technologists
83,Fashion & Design,Apparel Designer,Trend Forecasting Assistance,Pattern & Spec Sheet Generation,Material Sourcing,Fashion Design Learning,Trend Forecaster Agent,Spec Sheet Agent,Material Sourcer Agent,Learning Agent,"Analyze global fashion trends, color forecasts, and seasonal style directions using AI","Generate technical spec sheets, measurement charts, and construction details for production","Source fabrics by type, price, minimum order, and match materials to design requirements","Learn anything with AI about Fashion Design, Pattern Making, and Apparel Manufacturing"
84,Furniture Manufacturing,Industrial Designer,Design & Calculation Assistance,Technical Reference & Standards,Project Tracking,Industrial Designer Learning,Design Concept Agent,Material Sourcer Agent,Production Spec Agent,Learning Agent,AI-powered tool for design furniture manufacturing products for manufacturing with automated analysis and recommendations,Intelligent assistance for create prototypes and 3d models with smart suggestions and references,"Track, monitor, and report on select materials and manufacturing processes with real-time AI analytics",Learn anything with AI about Furniture Manufacturing for Industrial Designers
85,Handicrafts,Artisan,Daily Activity Planning,Market Price Tracking,Best Practice Advisory,Artisan Learning,Artisan Assistant Agent,Advisory Agent,Tracker Agent,Learning Agent,AI-powered tool for craft handicrafts products by hand with automated analysis and recommendations,Intelligent assistance for maintain traditional production techniques with smart suggestions and references,"Track, monitor, and report on source raw materials and supplies with real-time AI analytics",Learn anything with AI about Handicrafts for Artisans
86,Jewelry,Jewelry Designer,Design & Calculation Assistance,Technical Reference & Standards,Project Tracking,Jewelry Designer Learning,Design Concept Agent,Material Sourcer Agent,Production Spec Agent,Learning Agent,AI-powered tool for design jewelry products and collections with automated analysis and recommendations,Intelligent assistance for evaluate and grade jewelry materials with smart suggestions and references,"Track, monitor, and report on create technical drawings and specifications with real-time AI analytics",Learn anything with AI about Jewelry for Jewelry Designers
87,Agriculture,Agronomist,Advise Automation,Smart Advisory & Assistance,Performance Tracking,Agronomist Learning,Agronomist Assistant Agent,Advisory Agent,Tracker Agent,Learning Agent,AI-powered tool for advise on agriculture crop management practices with automated analysis and recommendations,Intelligent assistance for analyze soil health and fertility with smart suggestions and references,"Track, monitor, and report on recommend pest and disease control measures with real-time AI analytics",Learn anything with AI about Agriculture for Agronomists
88,Fisheries,Aquaculture Specialist,Expert Knowledge Reference,Advisory & Recommendation,Report Drafting Assistance,Aquaculture Specialist Learning,Expert Reference Agent,Advisory Agent,Documentation Agent,Learning Agent,AI-powered tool for design and manage aquaculture systems with automated analysis and recommendations,Intelligent assistance for monitor water quality and fish health with smart suggestions and references,"Track, monitor, and report on optimize feeding and stocking protocols with real-time AI analytics",Learn anything with AI about Fisheries for Aquaculture Specialists
89,Dairy,Dairy Technologist,Develop Automation,Smart Advisory & Assistance,Performance Tracking,Dairy Technologist Learning,Dairy Technologist Assistant Agent,Advisory Agent,Tracker Agent,Learning Agent,AI-powered tool for develop and optimize dairy food products with automated analysis and recommendations,Intelligent assistance for conduct laboratory testing and analysis with smart suggestions and references,"Track, monitor, and report on ensure food safety and quality standards with real-time AI analytics",Learn anything with AI about Dairy for Dairy Technologists
90,Poultry,Veterinarian,Diagnose Automation,Smart Advisory & Assistance,Performance Tracking,Veterinarian Learning,Veterinarian Assistant Agent,Advisory Agent,Tracker Agent,Learning Agent,AI-powered tool for diagnose and treat poultry animal health issues with automated analysis and recommendations,Intelligent assistance for administer vaccinations and medications with smart suggestions and references,"Track, monitor, and report on conduct health inspections and screenings with real-time AI analytics",Learn anything with AI about Poultry for Veterinarians
91,Tea Industry,Plantation Manager,Operations Dashboard & Analytics,Smart Planning & Scheduling,Performance Reporting,Plantation Manager Learning,Tea Industry Dashboard Agent,Planning Assistant Agent,KPI Tracker Agent,Learning Agent,AI-powered tool for manage tea industry plantation operations with automated analysis and recommendations,"Intelligent assistance for supervise planting, pruning, and harvesting with smart suggestions and references","Track, monitor, and report on manage plantation labor and resources with real-time AI analytics",Learn anything with AI about Tea Industry for Plantation Managers
92,Food Processing,Food Technologist,Develop Automation,Smart Advisory & Assistance,Performance Tracking,Food Technologist Learning,Food Technologist Assistant Agent,Advisory Agent,Tracker Agent,Learning Agent,AI-powered tool for develop and optimize food processing food products with automated analysis and recommendations,Intelligent assistance for conduct laboratory testing and analysis with smart suggestions and references,"Track, monitor, and report on ensure food safety and quality standards with real-time AI analytics",Learn anything with AI about Food Processing for Food Technologists
93,Consumer Goods (FMCG),Brand Manager,Operations Dashboard & Analytics,Smart Planning & Scheduling,Performance Reporting,Brand Manager Learning,Consumer Goods Dashboard Agent,Planning Assistant Agent,KPI Tracker Agent,Learning Agent,AI-powered tool for develop and manage consumer goods (fmcg) brand strategy with automated analysis and recommendations,Intelligent assistance for plan and execute brand campaigns with smart suggestions and references,"Track, monitor, and report on analyze brand performance and market share with real-time AI analytics",Learn anything with AI about Consumer Goods (FMCG) for Brand Managers
94,Retail,Store Manager,Operations Dashboard & Analytics,Smart Planning & Scheduling,Performance Reporting,Store Manager Learning,Retail Dashboard Agent,Planning Assistant Agent,KPI Tracker Agent,Learning Agent,AI-powered tool for manage daily retail store/branch operations with automated analysis and recommendations,Intelligent assistance for lead and motivate store/branch team with smart suggestions and references,"Track, monitor, and report on achieve sales and service targets with real-time AI analytics",Learn anything with AI about Retail for Store Managers
95,E-commerce,Operations Manager,Operations Dashboard & Analytics,Smart Planning & Scheduling,Performance Reporting,Operations Manager Learning,E-commerce Dashboard Agent,Planning Assistant Agent,KPI Tracker Agent,Learning Agent,AI-powered tool for oversee daily e-commerce operations with automated analysis and recommendations,Intelligent assistance for optimize operational efficiency and costs with smart suggestions and references,"Track, monitor, and report on manage operational staff and resources with real-time AI analytics",Learn anything with AI about E-commerce for Operations Managers
96,Electronics Manufacturing,Electronics Engineer,Design & Calculation Assistance,Technical Reference & Standards,Project Tracking,Electronics Engineer Learning,Technical Calculator Agent,Reference Manual Agent,Project Tracker Agent,Learning Agent,AI-powered tool for perform core electronics engineer duties in electronics manufacturing with automated analysis and recommendations,Intelligent assistance for manage electronics engineer workflows and processes with smart suggestions and references,"Track, monitor, and report on collaborate with team members and stakeholders with real-time AI analytics",Learn anything with AI about Electronics Manufacturing for Electronics Engineers
97,Security,Security Supervisor,Supervise security staff Optimization,Smart Assign security duties,Quality Monitoring,Security Supervisor Learning,Staff Roster Agent,Detection Protocol Agent,Patrol Route Agent,Learning Agent,Automate and assist with supervise security staff using AI-powered security services tools,Provide intelligent recommendations and insights for assign security duties,"Monitor, track and report on review security reports with real-time AI analytics",Learn anything with AI about Security Operations and Safety Management for Security Supervisors
98,Defence,Equipment Maintenance Technician,Maintain defence equipment Automation,Repair military machinery Assistance,Performance Reporting,Equipment Maintenance Technician Learning,Maintenance Protocol Agent,Safety Protocol Agent,Vehicle Maintenance Agent,Learning Agent,Automate and assist with maintain defence equipment using AI-powered defence and military services tools,Provide intelligent recommendations and insights for repair military machinery,"Monitor, track and report on perform equipment checks with real-time AI analytics",Learn anything with AI about Defence Operations and Military Logistics for Equipment Maintenance Technicians
99,Sports Industry,Sports Manager,Operations Dashboard & Analytics,Smart Planning & Scheduling,Performance Reporting,Sports Manager Learning,Sports Industry Dashboard Agent,Planning Assistant Agent,KPI Tracker Agent,Learning Agent,AI-powered tool for manage sports industry sports operations and events with automated analysis and recommendations,Intelligent assistance for coordinate athlete development programs with smart suggestions and references,"Track, monitor, and report on handle sports facility management with real-time AI analytics",Learn anything with AI about Sports Industry for Sports Managers
100,BPO,Customer Service Executive,Task Automation & Tracking,Documentation Assistance,Compliance Monitoring,Customer Service Executive Learning,Workflow Agent,Communication Agent,Tracker Agent,Learning Agent,AI-powered tool for handle bpo customer inquiries and support with automated analysis and recommendations,Intelligent assistance for resolve customer complaints and issues with smart suggestions and references,"Track, monitor, and report on maintain customer satisfaction standards with real-time AI analytics",Learn anything with AI about BPO for Customer Service Executives
